PROVIDER;DESCRIPTION;ACCOUNTID;REGION;ASSESSMENTDATE;REQUIREMENTS_ID;REQUIREMENTS_DESCRIPTION;REQUIREMENTS_ATTRIBUTES_FAMILYNAME;REQUIREMENTS_ATTRIBUTES_FAMILYDESCRIPTION;REQUIREMENTS_ATTRIBUTES_SECTION;REQUIREMENTS_ATTRIBUTES_SUBSECTION;REQUIREMENTS_ATTRIBUTES_SUBSECTIONOBJECTIVE;REQUIREMENTS_ATTRIBUTES_APPLICABILITY;REQUIREMENTS_ATTRIBUTES_RECOMMENDATION;REQUIREMENTS_ATTRIBUTES_SECTIONTHREATMAPPINGS;REQUIREMENTS_ATTRIBUTES_SECTIONGUIDELINEMAPPINGS;STATUS;STATUSEXTENDED;RESOURCEID;RESOURCENAME;CHECKID;MUTED
aws;Common Cloud Controls Catalog (CCC) for AWS;085350497370;us-east-1;2026-03-13 21:06:02.726161;CCC.Core.CN05.AR04;When data is requested from outside the trust perimeter, the service MUST refuse requests from unauthorized entities.;Identity and Access Management;The Identity and Access Management control family ensures that only trusted and authenticated entities can access resources. These controls establish strong authentication, enforce multi-factor verification, and restrict access to approved sources to prevent unauthorized use or data exfiltration. ;;CCC.Core.CN05 Prevent Access from Untrusted Entities;Ensure that secure access controls enforce the principle of least privilege to restrict access to authorized entities from explicitly trusted sources only.;['tlp-amber', 'tlp-red'];;[{'ReferenceId': 'CCC', 'Identifiers': ['CCC.TH01']}];[{'ReferenceId': 'NIST-CSF', 'Identifiers': ['PR.AC-3']}, {'ReferenceId': 'CCM', 'Identifiers': ['DSP-01', 'DSP-07', 'DSP-08', 'DSP-10', 'DSP-17']}, {'ReferenceId': 'ISO_27001', 'Identifiers': ['2013 A.13.1.3']}, {'ReferenceId': 'NIST_800_53', 'Identifiers': ['AC-3']}];FAIL;IAM Access Analyzer in account 085350497370 is not enabled.;arn:aws:accessanalyzer:us-east-1:085350497370:analyzer/unknown;analyzer/unknown;accessanalyzer_enabled;False
aws;Common Cloud Controls Catalog (CCC) for AWS;085350497370;us-east-1;2026-03-13 21:06:02.726161;CCC.Core.CN08.AR01;When data is created or modified, the data MUST have a complete and recoverable duplicate that is stored in a physically separate data center.;Data;The Data control family ensures the confidentiality, integrity, availability, and sovereignty of data across its lifecycle. These controls govern how data is transmitted, stored, replicated, and protected from unauthorized access, tampering, or exposure beyond defined trust perimeters. ;CCC.Core.CN08 Replicate Data to Multiple Locations;;Ensure that data is replicated across multiple physical locations to protect against data loss due to hardware failures, natural disasters, or other catastrophic events.;['tlp-green', 'tlp-amber', 'tlp-red'];Implement automated data replication processes to ensure that data is consistently duplicated in another region or availability zone. Regularly test data recovery from the replicated location to ensure integrity and availability. ;[{'ReferenceId': 'CCC', 'Identifiers': ['CCC.TH06']}];[{'ReferenceId': 'NIST-CSF', 'Identifiers': ['PR.PT-5']}, {'ReferenceId': 'CCM', 'Identifiers': ['BCR-08', 'BCR-10', 'BCR-11']}, {'ReferenceId': 'NIST_800_53', 'Identifiers': ['CP-2', 'CP-10']}];FAIL;No Backup Vault exist.;arn:aws:backup:us-east-1:085350497370:backup-vault;085350497370;backup_vaults_exist;False
aws;Common Cloud Controls Catalog (CCC) for AWS;085350497370;us-east-1;2026-03-13 21:06:02.726161;CCC.Core.CN14.AR02;When backups are created for disaster recovery purposes, the most recent backup MUST have a creation date within the past 30 days.;Data;The Data control family ensures the confidentiality, integrity, availability, and sovereignty of data across its lifecycle. These controls govern how data is transmitted, stored, replicated, and protected from unauthorized access, tampering, or exposure beyond defined trust perimeters. ;CCC.Core.CN14 Maintain Recent Backups;;Ensure that all backups used for disaster recovery are recent and subject to a retention policy that limits deletion.;['tlp-clear', 'tlp-green', 'tlp-amber'];Implement automated backup processes to ensure that backups are created regularly. Monitor backup schedules and verify that the most recent backup creation date is within the last 30 days. ;[{'ReferenceId': 'CCC', 'Identifiers': ['CCC.TH06']}];[];FAIL;No Backup Vault exist.;arn:aws:backup:us-east-1:085350497370:backup-vault;085350497370;backup_vaults_exist;False
aws;Common Cloud Controls Catalog (CCC) for AWS;085350497370;us-east-1;2026-03-13 21:06:02.726161;CCC.Core.CN14.AR02;When backups are created for disaster recovery purposes, the most recent backup MUST have a creation date within the past 14 days.;Data;The Data control family ensures the confidentiality, integrity, availability, and sovereignty of data across its lifecycle. These controls govern how data is transmitted, stored, replicated, and protected from unauthorized access, tampering, or exposure beyond defined trust perimeters. ;CCC.Core.CN14 Maintain Recent Backups;;Ensure that all backups used for disaster recovery are recent and subject to a retention policy that limits deletion.;['tlp-red'];Implement automated backup processes to ensure that backups are created regularly. Monitor backup schedules and verify that the most recent backup creation date is within the last 14 days. ;[{'ReferenceId': 'CCC', 'Identifiers': ['CCC.TH06']}];[];FAIL;No Backup Vault exist.;arn:aws:backup:us-east-1:085350497370:backup-vault;085350497370;backup_vaults_exist;False
aws;Common Cloud Controls Catalog (CCC) for AWS;085350497370;us-east-1;2026-03-13 21:06:02.726161;CCC.AuditLog.CN02.AR01;When a manual action is performed to generate each audit log type, then the corresponding audit log type MUST be generated and recorded.;Integrity;Controls designed to protected the integrity of Audit Log data.;CCC.AuditLog.CN02 Enable And Validate All Audit Log Types;;Review audit log configuration and ensure that all audit log types are being generated and replicated to configured sinks;['tlp-red', 'tlp-amber'];Review audit log configuration;[{'ReferenceId': 'CCC', 'Identifiers': ['CCC.TH06']}];[{'ReferenceId': 'NIST-CSF', 'Identifiers': ['PR.PS-04']}, {'ReferenceId': 'NIST_800_53', 'Identifiers': ['AU-2', 'AU-3', 'AU-12']}];FAIL;No CloudTrail trails enabled with logging were found.;arn:aws:cloudtrail:us-east-1:085350497370:trail;085350497370;cloudtrail_multi_region_enabled;False
aws;Common Cloud Controls Catalog (CCC) for AWS;085350497370;us-east-1;2026-03-13 21:06:02.726161;CCC.AuditLog.CN03.AR01;When an attempt is made to disable a log source, then an alert MUST be generated.;Integrity;Controls designed to protected the integrity of Audit Log data.;CCC.AuditLog.CN03 Alert On Audit Log Changes And Access;;Ensure that specific alerts have been configured to detect changes in audit log configuration such as disabling exporting of logs. Alerts MUST also be created to detect changes in retention/object lock policies for exported data log sources/buckets.;['tlp-red', 'tlp-amber'];Ensure alerting is correctly configured ;[{'ReferenceId': 'CCC', 'Identifiers': ['CCC.TH07']}];[{'ReferenceId': 'NIST-CSF', 'Identifiers': ['DE.CM-1']}, {'ReferenceId': 'NIST_800_53', 'Identifiers': ['AU-5', 'AU-6']}];FAIL;No CloudTrail trails enabled with logging were found.;arn:aws:cloudtrail:us-east-1:085350497370:trail;085350497370;cloudtrail_multi_region_enabled;False
aws;Common Cloud Controls Catalog (CCC) for AWS;085350497370;us-east-1;2026-03-13 21:06:02.726161;CCC.AuditLog.CN05.AR01;When audit logs are exported, then audit logs MUST be present in the configured data location.;Availability;Controls designed to protected the availability of Audit Log data.;CCC.AuditLog.CN05 Export Audit Logs To Bucket;;Configure audit logs to be sent to a external bucket where they can be globally replicated and can be subject to greater access control and data retention polices.;['tlp-red', 'tlp-amber'];Configure audit log exporting. ;[{'ReferenceId': 'CCC', 'Identifiers': ['CCC.TH07']}];[{'ReferenceId': 'NIST-CSF', 'Identifiers': ['PR.PS-04']}, {'ReferenceId': 'NIST_800_53', 'Identifiers': ['AU-9', 'AU-11', 'AU-4']}];FAIL;No CloudTrail trails enabled with logging were found.;arn:aws:cloudtrail:us-east-1:085350497370:trail;085350497370;cloudtrail_multi_region_enabled;False
aws;Common Cloud Controls Catalog (CCC) for AWS;085350497370;us-east-1;2026-03-13 21:06:02.726161;CCC.Logging.CN01.AR01;When a new cloud account is created, provider-level audit and network flow logging MUST be enabled by default and directed to the central sink.;Data;Controls related to the confidentiality, integrity and availability of log data. ;CCC.Logging.CN01 Centralized and Comprehensive Log Aggregation;;Ensure all operational and security logs from across the cloud environment, including applications, operating systems, network traffic, and cloud service activity, are captured automatically and streamed to a central, secure log management service.;['tlp-clear', 'tlp-green', 'tlp-amber', 'tlp-red'];;[{'ReferenceId': 'CCC', 'Identifiers': ['CCC.Logging.TH07']}];[{'ReferenceId': 'NIST-CSF', 'Identifiers': ['PR.PS-04']}, {'ReferenceId': 'NIST_800_53', 'Identifiers': ['AU-2', 'AU-3']}];FAIL;No CloudTrail trails enabled with logging were found.;arn:aws:cloudtrail:us-east-1:085350497370:trail;085350497370;cloudtrail_multi_region_enabled;False
aws;Common Cloud Controls Catalog (CCC) for AWS;085350497370;us-east-1;2026-03-13 21:06:02.726161;CCC.Logging.CN01.AR02;When a new cloud compute resource is deployed, it MUST be configured to forward all relevant logs (e.g., OS, application, service logs) to the central log sink.;Data;Controls related to the confidentiality, integrity and availability of log data. ;CCC.Logging.CN01 Centralized and Comprehensive Log Aggregation;;Ensure all operational and security logs from across the cloud environment, including applications, operating systems, network traffic, and cloud service activity, are captured automatically and streamed to a central, secure log management service.;['tlp-clear', 'tlp-green', 'tlp-amber', 'tlp-red'];;[{'ReferenceId': 'CCC', 'Identifiers': ['CCC.Logging.TH07']}];[{'ReferenceId': 'NIST-CSF', 'Identifiers': ['PR.PS-04']}, {'ReferenceId': 'NIST_800_53', 'Identifiers': ['AU-2', 'AU-3']}];FAIL;No CloudTrail trails enabled with logging were found.;arn:aws:cloudtrail:us-east-1:085350497370:trail;085350497370;cloudtrail_multi_region_enabled;False
aws;Common Cloud Controls Catalog (CCC) for AWS;085350497370;us-east-1;2026-03-13 21:06:02.726161;CCC.Logging.CN05.AR01;When a log storage bucket is created, the bucket's access control settings MUST explicitly deny public read and write access.;Identity and Access Management;Controls that restrict who can access and modify logs. ;CCC.Logging.CN05 Ensure Log Bucket is Not Publicly Accessible;;Ensure that log storage buckets are not publicly accessible to prevent unauthorized access to sensitive log data. In addition, logs should be replicated to another cloud region to enhance availability, durability, and support disaster recovery requirements.;['tlp-red', 'tlp-amber', 'tlp-green'];Configure bucket policies and access control lists (ACLs) to restrict public access. Regularly review bucket permissions to ensure no public access has been inadvertently granted. ;[{'ReferenceId': 'CCC', 'Identifiers': ['CCC.TH01']}];[{'ReferenceId': 'NIST-CSF', 'Identifiers': ['PR.AA-05']}, {'ReferenceId': 'NIST_800_53', 'Identifiers': ['AC-3', 'SC-7']}];FAIL;No CloudTrail trails enabled with logging were found.;arn:aws:cloudtrail:us-east-1:085350497370:trail;085350497370;cloudtrail_multi_region_enabled;False
aws;Common Cloud Controls Catalog (CCC) for AWS;085350497370;us-east-1;2026-03-13 21:06:02.726161;CCC.Core.CN08.AR01;When data is created or modified, the data MUST have a complete and recoverable duplicate that is stored in a physically separate data center.;Data;The Data control family ensures the confidentiality, integrity, availability, and sovereignty of data across its lifecycle. These controls govern how data is transmitted, stored, replicated, and protected from unauthorized access, tampering, or exposure beyond defined trust perimeters. ;CCC.Core.CN08 Replicate Data to Multiple Locations;;Ensure that data is replicated across multiple physical locations to protect against data loss due to hardware failures, natural disasters, or other catastrophic events.;['tlp-green', 'tlp-amber', 'tlp-red'];Implement automated data replication processes to ensure that data is consistently duplicated in another region or availability zone. Regularly test data recovery from the replicated location to ensure integrity and availability. ;[{'ReferenceId': 'CCC', 'Identifiers': ['CCC.TH06']}];[{'ReferenceId': 'NIST-CSF', 'Identifiers': ['PR.PT-5']}, {'ReferenceId': 'CCM', 'Identifiers': ['BCR-08', 'BCR-10', 'BCR-11']}, {'ReferenceId': 'NIST_800_53', 'Identifiers': ['CP-2', 'CP-10']}];FAIL;No CloudTrail trails enabled with logging were found.;arn:aws:cloudtrail:us-east-1:085350497370:trail;085350497370;cloudtrail_multi_region_enabled;False
aws;Common Cloud Controls Catalog (CCC) for AWS;085350497370;us-east-1;2026-03-13 21:06:02.726161;CCC.Core.CN09.AR01;When the service is operational, its logs and any child resource logs MUST NOT be accessible from the resource they record access to.;Data;The Data control family ensures the confidentiality, integrity, availability, and sovereignty of data across its lifecycle. These controls govern how data is transmitted, stored, replicated, and protected from unauthorized access, tampering, or exposure beyond defined trust perimeters. ;CCC.Core.CN09 Ensure Integrity of Access Logs;;Ensure that access logs are always recorded to an external location that cannot be manipulated from the context of the service(s) it contains logs for.;['tlp-clear', 'tlp-green', 'tlp-amber', 'tlp-red'];;[{'ReferenceId': 'CCC', 'Identifiers': ['CCC.TH07', 'CCC.TH09', 'CCC.TH04']}];[{'ReferenceId': 'NIST-CSF', 'Identifiers': ['PR.DS-6']}, {'ReferenceId': 'NIST_800_53', 'Identifiers': ['AU-9']}, {'ReferenceId': 'CCM', 'Identifiers': ['LOG-02', 'LOG-04', 'LOG-09']}];FAIL;No CloudTrail trails enabled with logging were found.;arn:aws:cloudtrail:us-east-1:085350497370:trail;085350497370;cloudtrail_multi_region_enabled;False
aws;Common Cloud Controls Catalog (CCC) for AWS;085350497370;us-east-1;2026-03-13 21:06:02.726161;CCC.Core.CN04.AR01;When administrative access or configuration change is attempted on the service or a child resource, the service MUST log the client identity, time, and result of the attempt.;Logging & Monitoring;The Logging & Monitoring control family ensures that access, changes, and security-relevant events are captured, monitored, and alerted on in order to provide visibility, support incident response, and meet compliance requirements. ;CCC.Core.CN04 Log All Access and Changes;;Ensure that all access attempts are logged to maintain a detailed audit trail for security and compliance purposes.;['tlp-clear', 'tlp-green', 'tlp-amber', 'tlp-red'];;[{'ReferenceId': 'CCC', 'Identifiers': ['CCC.TH01']}];[{'ReferenceId': 'NIST-CSF', 'Identifiers': ['DE.AE-3']}, {'ReferenceId': 'CCM', 'Identifiers': ['LOG-08']}, {'ReferenceId': 'NIST_800_53', 'Identifiers': ['AU-2', 'AU-3', 'AU-12']}];FAIL;No CloudTrail trails enabled with logging were found.;arn:aws:cloudtrail:us-east-1:085350497370:trail;085350497370;cloudtrail_multi_region_enabled;False
aws;Common Cloud Controls Catalog (CCC) for AWS;085350497370;us-east-1;2026-03-13 21:06:02.726161;CCC.Core.CN04.AR03;When any attempt is made to read data on the service or a child resource, the service MUST log the client identity, time, and result of the attempt.;Logging & Monitoring;The Logging & Monitoring control family ensures that access, changes, and security-relevant events are captured, monitored, and alerted on in order to provide visibility, support incident response, and meet compliance requirements. ;CCC.Core.CN04 Log All Access and Changes;;Ensure that all access attempts are logged to maintain a detailed audit trail for security and compliance purposes.;['tlp-red'];;[{'ReferenceId': 'CCC', 'Identifiers': ['CCC.TH01']}];[{'ReferenceId': 'NIST-CSF', 'Identifiers': ['DE.AE-3']}, {'ReferenceId': 'CCM', 'Identifiers': ['LOG-08']}, {'ReferenceId': 'NIST_800_53', 'Identifiers': ['AU-2', 'AU-3', 'AU-12']}];FAIL;No CloudTrail trails enabled with logging were found.;arn:aws:cloudtrail:us-east-1:085350497370:trail;085350497370;cloudtrail_multi_region_enabled;False
aws;Common Cloud Controls Catalog (CCC) for AWS;085350497370;us-east-1;2026-03-13 21:06:02.726161;CCC.AuditLog.CN02.AR01;When a manual action is performed to generate each audit log type, then the corresponding audit log type MUST be generated and recorded.;Integrity;Controls designed to protected the integrity of Audit Log data.;CCC.AuditLog.CN02 Enable And Validate All Audit Log Types;;Review audit log configuration and ensure that all audit log types are being generated and replicated to configured sinks;['tlp-red', 'tlp-amber'];Review audit log configuration;[{'ReferenceId': 'CCC', 'Identifiers': ['CCC.TH06']}];[{'ReferenceId': 'NIST-CSF', 'Identifiers': ['PR.PS-04']}, {'ReferenceId': 'NIST_800_53', 'Identifiers': ['AU-2', 'AU-3', 'AU-12']}];FAIL;No CloudTrail trails enabled and logging management events were found.;arn:aws:cloudtrail:us-east-1:085350497370:trail;085350497370;cloudtrail_multi_region_enabled_logging_management_events;False
aws;Common Cloud Controls Catalog (CCC) for AWS;085350497370;us-east-1;2026-03-13 21:06:02.726161;CCC.AuditLog.CN03.AR01;When an attempt is made to disable a log source, then an alert MUST be generated.;Integrity;Controls designed to protected the integrity of Audit Log data.;CCC.AuditLog.CN03 Alert On Audit Log Changes And Access;;Ensure that specific alerts have been configured to detect changes in audit log configuration such as disabling exporting of logs. Alerts MUST also be created to detect changes in retention/object lock policies for exported data log sources/buckets.;['tlp-red', 'tlp-amber'];Ensure alerting is correctly configured ;[{'ReferenceId': 'CCC', 'Identifiers': ['CCC.TH07']}];[{'ReferenceId': 'NIST-CSF', 'Identifiers': ['DE.CM-1']}, {'ReferenceId': 'NIST_800_53', 'Identifiers': ['AU-5', 'AU-6']}];FAIL;No CloudTrail trails enabled and logging management events were found.;arn:aws:cloudtrail:us-east-1:085350497370:trail;085350497370;cloudtrail_multi_region_enabled_logging_management_events;False
aws;Common Cloud Controls Catalog (CCC) for AWS;085350497370;us-east-1;2026-03-13 21:06:02.726161;CCC.AuditLog.CN05.AR01;When audit logs are exported, then audit logs MUST be present in the configured data location.;Availability;Controls designed to protected the availability of Audit Log data.;CCC.AuditLog.CN05 Export Audit Logs To Bucket;;Configure audit logs to be sent to a external bucket where they can be globally replicated and can be subject to greater access control and data retention polices.;['tlp-red', 'tlp-amber'];Configure audit log exporting. ;[{'ReferenceId': 'CCC', 'Identifiers': ['CCC.TH07']}];[{'ReferenceId': 'NIST-CSF', 'Identifiers': ['PR.PS-04']}, {'ReferenceId': 'NIST_800_53', 'Identifiers': ['AU-9', 'AU-11', 'AU-4']}];FAIL;No CloudTrail trails enabled and logging management events were found.;arn:aws:cloudtrail:us-east-1:085350497370:trail;085350497370;cloudtrail_multi_region_enabled_logging_management_events;False
aws;Common Cloud Controls Catalog (CCC) for AWS;085350497370;us-east-1;2026-03-13 21:06:02.726161;CCC.Logging.CN07.AR01;When an audit log event is recorded that corresponds to a modification of the logging service configuration such as disabling a log trail, deleting a log sink, or altering a log forwarding rule, an alert MUST be generated.;Logging and Monitoring;Controls that collect, alert, and retain logging-related events. ;CCC.Logging.CN07 Detect and Alert on Log Service Tampering;;Alert when any component of the critical logging infrastructure is disabled, modified, or deleted, indicating a defense evasion attempt.;['tlp-clear', 'tlp-green', 'tlp-amber', 'tlp-red'];;[{'ReferenceId': 'CCC', 'Identifiers': ['CCC.TH16']}];[{'ReferenceId': 'NIST-CSF', 'Identifiers': ['DE.CM-03', 'DE.CM-09']}, {'ReferenceId': 'NIST_800_53', 'Identifiers': ['SI-4', 'CA-7', 'AU-6']}];FAIL;No CloudTrail trails enabled and logging management events were found.;arn:aws:cloudtrail:us-east-1:085350497370:trail;085350497370;cloudtrail_multi_region_enabled_logging_management_events;False
aws;Common Cloud Controls Catalog (CCC) for AWS;085350497370;us-east-1;2026-03-13 21:06:02.726161;CCC.Monitor.CN01.AR01;When an External Monitoring system exceeds the anticipated rate of monitoring checks then Rate Limiting MUST be applied and an Audit Alert MUST be generated.;Logging & Monitoring;Controls that collect, alert, and retain events from other monitoring services.;CCC.Monitor.CN01 Rate Limiting on External Monitoring;;Prevent DoS attacks using External Monitoring tools.;['tlp-clear', 'tlp-green', 'tlp-amber', 'tlp-red'];;[{'ReferenceId': 'CCC', 'Identifiers': ['CCC.Monitor.TH03']}];[{'ReferenceId': 'NIST-CSF', 'Identifiers': ['PR.IR-01', 'DE.CM-01']}, {'ReferenceId': 'NIST_800_53', 'Identifiers': ['SC-5', 'SC-7']}];FAIL;No CloudTrail trails enabled and logging management events were found.;arn:aws:cloudtrail:us-east-1:085350497370:trail;085350497370;cloudtrail_multi_region_enabled_logging_management_events;False
aws;Common Cloud Controls Catalog (CCC) for AWS;085350497370;us-east-1;2026-03-13 21:06:02.726161;CCC.Core.CN04.AR02;When any attempt is made to modify data on the service or a child resource, the service MUST log the client identity, time, and result of the attempt.;Logging & Monitoring;The Logging & Monitoring control family ensures that access, changes, and security-relevant events are captured, monitored, and alerted on in order to provide visibility, support incident response, and meet compliance requirements. ;CCC.Core.CN04 Log All Access and Changes;;Ensure that all access attempts are logged to maintain a detailed audit trail for security and compliance purposes.;['tlp-amber', 'tlp-red'];;[{'ReferenceId': 'CCC', 'Identifiers': ['CCC.TH01']}];[{'ReferenceId': 'NIST-CSF', 'Identifiers': ['DE.AE-3']}, {'ReferenceId': 'CCM', 'Identifiers': ['LOG-08']}, {'ReferenceId': 'NIST_800_53', 'Identifiers': ['AU-2', 'AU-3', 'AU-12']}];FAIL;No CloudTrail trails enabled and logging management events were found.;arn:aws:cloudtrail:us-east-1:085350497370:trail;085350497370;cloudtrail_multi_region_enabled_logging_management_events;False
aws;Common Cloud Controls Catalog (CCC) for AWS;085350497370;us-east-1;2026-03-13 21:06:02.726161;CCC.AuditLog.CN03.AR02;When an attempt is made to alter the retention or object lock status of an external data log source or bucket, then an alert MUST be generated.;Integrity;Controls designed to protected the integrity of Audit Log data.;CCC.AuditLog.CN03 Alert On Audit Log Changes And Access;;Ensure that specific alerts have been configured to detect changes in audit log configuration such as disabling exporting of logs. Alerts MUST also be created to detect changes in retention/object lock policies for exported data log sources/buckets.;['tlp-red', 'tlp-amber'];Ensure alerting is correctly configured ;[{'ReferenceId': 'CCC', 'Identifiers': ['CCC.TH07']}];[{'ReferenceId': 'NIST-CSF', 'Identifiers': ['DE.CM-1']}, {'ReferenceId': 'NIST_800_53', 'Identifiers': ['AU-5', 'AU-6']}];FAIL;No CloudWatch log groups found with metric filters or alarms associated.;arn:aws:logs:us-east-1:085350497370:log-group;085350497370;cloudwatch_changes_to_network_acls_alarm_configured;False
aws;Common Cloud Controls Catalog (CCC) for AWS;085350497370;us-east-1;2026-03-13 21:06:02.726161;CCC.Logging.CN07.AR01;When an audit log event is recorded that corresponds to a modification of the logging service configuration such as disabling a log trail, deleting a log sink, or altering a log forwarding rule, an alert MUST be generated.;Logging and Monitoring;Controls that collect, alert, and retain logging-related events. ;CCC.Logging.CN07 Detect and Alert on Log Service Tampering;;Alert when any component of the critical logging infrastructure is disabled, modified, or deleted, indicating a defense evasion attempt.;['tlp-clear', 'tlp-green', 'tlp-amber', 'tlp-red'];;[{'ReferenceId': 'CCC', 'Identifiers': ['CCC.TH16']}];[{'ReferenceId': 'NIST-CSF', 'Identifiers': ['DE.CM-03', 'DE.CM-09']}, {'ReferenceId': 'NIST_800_53', 'Identifiers': ['SI-4', 'CA-7', 'AU-6']}];FAIL;No CloudWatch log groups found with metric filters or alarms associated.;arn:aws:logs:us-east-1:085350497370:log-group;085350497370;cloudwatch_changes_to_network_acls_alarm_configured;False
aws;Common Cloud Controls Catalog (CCC) for AWS;085350497370;us-east-1;2026-03-13 21:06:02.726161;CCC.Monitor.CN02.AR01;When an Custom or User-Defined Metric starts to flood a collector, then a rate limit MUST be applied to reduce the network impact of traffic and an alert must triggered.;Logging & Monitoring;Controls that collect, alert, and retain events from other monitoring services.;CCC.Monitor.CN02 Rate Limiting on Metric Generation;;Prevent Malicious Actor or misconfiguration from flooding services with metric data.;['tlp-clear', 'tlp-green', 'tlp-amber', 'tlp-red'];;[{'ReferenceId': 'CCC', 'Identifiers': ['CCC.Monitor.TH06']}];[{'ReferenceId': 'NIST-CSF', 'Identifiers': ['DE.CM-01']}, {'ReferenceId': 'NIST_800_53', 'Identifiers': ['SC-5(2)', 'CA-7', 'SI-4']}];FAIL;No CloudWatch log groups found with metric filters or alarms associated.;arn:aws:logs:us-east-1:085350497370:log-group;085350497370;cloudwatch_changes_to_network_acls_alarm_configured;False
aws;Common Cloud Controls Catalog (CCC) for AWS;085350497370;us-east-1;2026-03-13 21:06:02.726161;CCC.Core.CN09.AR03;When the service is operational, any attempt to redirect logs for the service or its child resources MUST NOT be possible without halting operation of the corresponding resource and publishing corresponding events to monitored channels.;Data;The Data control family ensures the confidentiality, integrity, availability, and sovereignty of data across its lifecycle. These controls govern how data is transmitted, stored, replicated, and protected from unauthorized access, tampering, or exposure beyond defined trust perimeters. ;CCC.Core.CN09 Ensure Integrity of Access Logs;;Ensure that access logs are always recorded to an external location that cannot be manipulated from the context of the service(s) it contains logs for.;['tlp-amber', 'tlp-red'];No normal business operations should result in the redirection of logs, as this could indicate an attempt to cover up unauthorized access. Ensure that logging configurations are immutable during service operation so that any changes require stopping the service and publishing corresponding events to monitored channels. ;[{'ReferenceId': 'CCC', 'Identifiers': ['CCC.TH07', 'CCC.TH09', 'CCC.TH04']}];[{'ReferenceId': 'NIST-CSF', 'Identifiers': ['PR.DS-6']}, {'ReferenceId': 'NIST_800_53', 'Identifiers': ['AU-9']}, {'ReferenceId': 'CCM', 'Identifiers': ['LOG-02', 'LOG-04', 'LOG-09']}];FAIL;No CloudWatch log groups found with metric filters or alarms associated.;arn:aws:logs:us-east-1:085350497370:log-group;085350497370;cloudwatch_changes_to_network_acls_alarm_configured;False
aws;Common Cloud Controls Catalog (CCC) for AWS;085350497370;us-east-1;2026-03-13 21:06:02.726161;CCC.Core.CN04.AR01;When administrative access or configuration change is attempted on the service or a child resource, the service MUST log the client identity, time, and result of the attempt.;Logging & Monitoring;The Logging & Monitoring control family ensures that access, changes, and security-relevant events are captured, monitored, and alerted on in order to provide visibility, support incident response, and meet compliance requirements. ;CCC.Core.CN04 Log All Access and Changes;;Ensure that all access attempts are logged to maintain a detailed audit trail for security and compliance purposes.;['tlp-clear', 'tlp-green', 'tlp-amber', 'tlp-red'];;[{'ReferenceId': 'CCC', 'Identifiers': ['CCC.TH01']}];[{'ReferenceId': 'NIST-CSF', 'Identifiers': ['DE.AE-3']}, {'ReferenceId': 'CCM', 'Identifiers': ['LOG-08']}, {'ReferenceId': 'NIST_800_53', 'Identifiers': ['AU-2', 'AU-3', 'AU-12']}];FAIL;No CloudWatch log groups found with metric filters or alarms associated.;arn:aws:logs:us-east-1:085350497370:log-group;085350497370;cloudwatch_changes_to_network_acls_alarm_configured;False
aws;Common Cloud Controls Catalog (CCC) for AWS;085350497370;us-east-1;2026-03-13 21:06:02.726161;CCC.AuditLog.CN03.AR02;When an attempt is made to alter the retention or object lock status of an external data log source or bucket, then an alert MUST be generated.;Integrity;Controls designed to protected the integrity of Audit Log data.;CCC.AuditLog.CN03 Alert On Audit Log Changes And Access;;Ensure that specific alerts have been configured to detect changes in audit log configuration such as disabling exporting of logs. Alerts MUST also be created to detect changes in retention/object lock policies for exported data log sources/buckets.;['tlp-red', 'tlp-amber'];Ensure alerting is correctly configured ;[{'ReferenceId': 'CCC', 'Identifiers': ['CCC.TH07']}];[{'ReferenceId': 'NIST-CSF', 'Identifiers': ['DE.CM-1']}, {'ReferenceId': 'NIST_800_53', 'Identifiers': ['AU-5', 'AU-6']}];FAIL;No CloudWatch log groups found with metric filters or alarms associated.;arn:aws:logs:us-east-1:085350497370:log-group;085350497370;cloudwatch_changes_to_network_gateways_alarm_configured;False
aws;Common Cloud Controls Catalog (CCC) for AWS;085350497370;us-east-1;2026-03-13 21:06:02.726161;CCC.Logging.CN07.AR01;When an audit log event is recorded that corresponds to a modification of the logging service configuration such as disabling a log trail, deleting a log sink, or altering a log forwarding rule, an alert MUST be generated.;Logging and Monitoring;Controls that collect, alert, and retain logging-related events. ;CCC.Logging.CN07 Detect and Alert on Log Service Tampering;;Alert when any component of the critical logging infrastructure is disabled, modified, or deleted, indicating a defense evasion attempt.;['tlp-clear', 'tlp-green', 'tlp-amber', 'tlp-red'];;[{'ReferenceId': 'CCC', 'Identifiers': ['CCC.TH16']}];[{'ReferenceId': 'NIST-CSF', 'Identifiers': ['DE.CM-03', 'DE.CM-09']}, {'ReferenceId': 'NIST_800_53', 'Identifiers': ['SI-4', 'CA-7', 'AU-6']}];FAIL;No CloudWatch log groups found with metric filters or alarms associated.;arn:aws:logs:us-east-1:085350497370:log-group;085350497370;cloudwatch_changes_to_network_gateways_alarm_configured;False
aws;Common Cloud Controls Catalog (CCC) for AWS;085350497370;us-east-1;2026-03-13 21:06:02.726161;CCC.Monitor.CN02.AR01;When an Custom or User-Defined Metric starts to flood a collector, then a rate limit MUST be applied to reduce the network impact of traffic and an alert must triggered.;Logging & Monitoring;Controls that collect, alert, and retain events from other monitoring services.;CCC.Monitor.CN02 Rate Limiting on Metric Generation;;Prevent Malicious Actor or misconfiguration from flooding services with metric data.;['tlp-clear', 'tlp-green', 'tlp-amber', 'tlp-red'];;[{'ReferenceId': 'CCC', 'Identifiers': ['CCC.Monitor.TH06']}];[{'ReferenceId': 'NIST-CSF', 'Identifiers': ['DE.CM-01']}, {'ReferenceId': 'NIST_800_53', 'Identifiers': ['SC-5(2)', 'CA-7', 'SI-4']}];FAIL;No CloudWatch log groups found with metric filters or alarms associated.;arn:aws:logs:us-east-1:085350497370:log-group;085350497370;cloudwatch_changes_to_network_gateways_alarm_configured;False
aws;Common Cloud Controls Catalog (CCC) for AWS;085350497370;us-east-1;2026-03-13 21:06:02.726161;CCC.Core.CN09.AR03;When the service is operational, any attempt to redirect logs for the service or its child resources MUST NOT be possible without halting operation of the corresponding resource and publishing corresponding events to monitored channels.;Data;The Data control family ensures the confidentiality, integrity, availability, and sovereignty of data across its lifecycle. These controls govern how data is transmitted, stored, replicated, and protected from unauthorized access, tampering, or exposure beyond defined trust perimeters. ;CCC.Core.CN09 Ensure Integrity of Access Logs;;Ensure that access logs are always recorded to an external location that cannot be manipulated from the context of the service(s) it contains logs for.;['tlp-amber', 'tlp-red'];No normal business operations should result in the redirection of logs, as this could indicate an attempt to cover up unauthorized access. Ensure that logging configurations are immutable during service operation so that any changes require stopping the service and publishing corresponding events to monitored channels. ;[{'ReferenceId': 'CCC', 'Identifiers': ['CCC.TH07', 'CCC.TH09', 'CCC.TH04']}];[{'ReferenceId': 'NIST-CSF', 'Identifiers': ['PR.DS-6']}, {'ReferenceId': 'NIST_800_53', 'Identifiers': ['AU-9']}, {'ReferenceId': 'CCM', 'Identifiers': ['LOG-02', 'LOG-04', 'LOG-09']}];FAIL;No CloudWatch log groups found with metric filters or alarms associated.;arn:aws:logs:us-east-1:085350497370:log-group;085350497370;cloudwatch_changes_to_network_gateways_alarm_configured;False
aws;Common Cloud Controls Catalog (CCC) for AWS;085350497370;us-east-1;2026-03-13 21:06:02.726161;CCC.Core.CN04.AR01;When administrative access or configuration change is attempted on the service or a child resource, the service MUST log the client identity, time, and result of the attempt.;Logging & Monitoring;The Logging & Monitoring control family ensures that access, changes, and security-relevant events are captured, monitored, and alerted on in order to provide visibility, support incident response, and meet compliance requirements. ;CCC.Core.CN04 Log All Access and Changes;;Ensure that all access attempts are logged to maintain a detailed audit trail for security and compliance purposes.;['tlp-clear', 'tlp-green', 'tlp-amber', 'tlp-red'];;[{'ReferenceId': 'CCC', 'Identifiers': ['CCC.TH01']}];[{'ReferenceId': 'NIST-CSF', 'Identifiers': ['DE.AE-3']}, {'ReferenceId': 'CCM', 'Identifiers': ['LOG-08']}, {'ReferenceId': 'NIST_800_53', 'Identifiers': ['AU-2', 'AU-3', 'AU-12']}];FAIL;No CloudWatch log groups found with metric filters or alarms associated.;arn:aws:logs:us-east-1:085350497370:log-group;085350497370;cloudwatch_changes_to_network_gateways_alarm_configured;False
aws;Common Cloud Controls Catalog (CCC) for AWS;085350497370;us-east-1;2026-03-13 21:06:02.726161;CCC.AuditLog.CN03.AR02;When an attempt is made to alter the retention or object lock status of an external data log source or bucket, then an alert MUST be generated.;Integrity;Controls designed to protected the integrity of Audit Log data.;CCC.AuditLog.CN03 Alert On Audit Log Changes And Access;;Ensure that specific alerts have been configured to detect changes in audit log configuration such as disabling exporting of logs. Alerts MUST also be created to detect changes in retention/object lock policies for exported data log sources/buckets.;['tlp-red', 'tlp-amber'];Ensure alerting is correctly configured ;[{'ReferenceId': 'CCC', 'Identifiers': ['CCC.TH07']}];[{'ReferenceId': 'NIST-CSF', 'Identifiers': ['DE.CM-1']}, {'ReferenceId': 'NIST_800_53', 'Identifiers': ['AU-5', 'AU-6']}];FAIL;No CloudWatch log groups found with metric filters or alarms associated.;arn:aws:logs:us-east-1:085350497370:log-group;085350497370;cloudwatch_changes_to_network_route_tables_alarm_configured;False
aws;Common Cloud Controls Catalog (CCC) for AWS;085350497370;us-east-1;2026-03-13 21:06:02.726161;CCC.Logging.CN07.AR01;When an audit log event is recorded that corresponds to a modification of the logging service configuration such as disabling a log trail, deleting a log sink, or altering a log forwarding rule, an alert MUST be generated.;Logging and Monitoring;Controls that collect, alert, and retain logging-related events. ;CCC.Logging.CN07 Detect and Alert on Log Service Tampering;;Alert when any component of the critical logging infrastructure is disabled, modified, or deleted, indicating a defense evasion attempt.;['tlp-clear', 'tlp-green', 'tlp-amber', 'tlp-red'];;[{'ReferenceId': 'CCC', 'Identifiers': ['CCC.TH16']}];[{'ReferenceId': 'NIST-CSF', 'Identifiers': ['DE.CM-03', 'DE.CM-09']}, {'ReferenceId': 'NIST_800_53', 'Identifiers': ['SI-4', 'CA-7', 'AU-6']}];FAIL;No CloudWatch log groups found with metric filters or alarms associated.;arn:aws:logs:us-east-1:085350497370:log-group;085350497370;cloudwatch_changes_to_network_route_tables_alarm_configured;False
aws;Common Cloud Controls Catalog (CCC) for AWS;085350497370;us-east-1;2026-03-13 21:06:02.726161;CCC.Monitor.CN02.AR01;When an Custom or User-Defined Metric starts to flood a collector, then a rate limit MUST be applied to reduce the network impact of traffic and an alert must triggered.;Logging & Monitoring;Controls that collect, alert, and retain events from other monitoring services.;CCC.Monitor.CN02 Rate Limiting on Metric Generation;;Prevent Malicious Actor or misconfiguration from flooding services with metric data.;['tlp-clear', 'tlp-green', 'tlp-amber', 'tlp-red'];;[{'ReferenceId': 'CCC', 'Identifiers': ['CCC.Monitor.TH06']}];[{'ReferenceId': 'NIST-CSF', 'Identifiers': ['DE.CM-01']}, {'ReferenceId': 'NIST_800_53', 'Identifiers': ['SC-5(2)', 'CA-7', 'SI-4']}];FAIL;No CloudWatch log groups found with metric filters or alarms associated.;arn:aws:logs:us-east-1:085350497370:log-group;085350497370;cloudwatch_changes_to_network_route_tables_alarm_configured;False
aws;Common Cloud Controls Catalog (CCC) for AWS;085350497370;us-east-1;2026-03-13 21:06:02.726161;CCC.Core.CN09.AR03;When the service is operational, any attempt to redirect logs for the service or its child resources MUST NOT be possible without halting operation of the corresponding resource and publishing corresponding events to monitored channels.;Data;The Data control family ensures the confidentiality, integrity, availability, and sovereignty of data across its lifecycle. These controls govern how data is transmitted, stored, replicated, and protected from unauthorized access, tampering, or exposure beyond defined trust perimeters. ;CCC.Core.CN09 Ensure Integrity of Access Logs;;Ensure that access logs are always recorded to an external location that cannot be manipulated from the context of the service(s) it contains logs for.;['tlp-amber', 'tlp-red'];No normal business operations should result in the redirection of logs, as this could indicate an attempt to cover up unauthorized access. Ensure that logging configurations are immutable during service operation so that any changes require stopping the service and publishing corresponding events to monitored channels. ;[{'ReferenceId': 'CCC', 'Identifiers': ['CCC.TH07', 'CCC.TH09', 'CCC.TH04']}];[{'ReferenceId': 'NIST-CSF', 'Identifiers': ['PR.DS-6']}, {'ReferenceId': 'NIST_800_53', 'Identifiers': ['AU-9']}, {'ReferenceId': 'CCM', 'Identifiers': ['LOG-02', 'LOG-04', 'LOG-09']}];FAIL;No CloudWatch log groups found with metric filters or alarms associated.;arn:aws:logs:us-east-1:085350497370:log-group;085350497370;cloudwatch_changes_to_network_route_tables_alarm_configured;False
aws;Common Cloud Controls Catalog (CCC) for AWS;085350497370;us-east-1;2026-03-13 21:06:02.726161;CCC.Core.CN04.AR01;When administrative access or configuration change is attempted on the service or a child resource, the service MUST log the client identity, time, and result of the attempt.;Logging & Monitoring;The Logging & Monitoring control family ensures that access, changes, and security-relevant events are captured, monitored, and alerted on in order to provide visibility, support incident response, and meet compliance requirements. ;CCC.Core.CN04 Log All Access and Changes;;Ensure that all access attempts are logged to maintain a detailed audit trail for security and compliance purposes.;['tlp-clear', 'tlp-green', 'tlp-amber', 'tlp-red'];;[{'ReferenceId': 'CCC', 'Identifiers': ['CCC.TH01']}];[{'ReferenceId': 'NIST-CSF', 'Identifiers': ['DE.AE-3']}, {'ReferenceId': 'CCM', 'Identifiers': ['LOG-08']}, {'ReferenceId': 'NIST_800_53', 'Identifiers': ['AU-2', 'AU-3', 'AU-12']}];FAIL;No CloudWatch log groups found with metric filters or alarms associated.;arn:aws:logs:us-east-1:085350497370:log-group;085350497370;cloudwatch_changes_to_network_route_tables_alarm_configured;False
aws;Common Cloud Controls Catalog (CCC) for AWS;085350497370;us-east-1;2026-03-13 21:06:02.726161;CCC.AuditLog.CN03.AR02;When an attempt is made to alter the retention or object lock status of an external data log source or bucket, then an alert MUST be generated.;Integrity;Controls designed to protected the integrity of Audit Log data.;CCC.AuditLog.CN03 Alert On Audit Log Changes And Access;;Ensure that specific alerts have been configured to detect changes in audit log configuration such as disabling exporting of logs. Alerts MUST also be created to detect changes in retention/object lock policies for exported data log sources/buckets.;['tlp-red', 'tlp-amber'];Ensure alerting is correctly configured ;[{'ReferenceId': 'CCC', 'Identifiers': ['CCC.TH07']}];[{'ReferenceId': 'NIST-CSF', 'Identifiers': ['DE.CM-1']}, {'ReferenceId': 'NIST_800_53', 'Identifiers': ['AU-5', 'AU-6']}];FAIL;No CloudWatch log groups found with metric filters or alarms associated.;arn:aws:logs:us-east-1:085350497370:log-group;085350497370;cloudwatch_changes_to_vpcs_alarm_configured;False
aws;Common Cloud Controls Catalog (CCC) for AWS;085350497370;us-east-1;2026-03-13 21:06:02.726161;CCC.Logging.CN07.AR01;When an audit log event is recorded that corresponds to a modification of the logging service configuration such as disabling a log trail, deleting a log sink, or altering a log forwarding rule, an alert MUST be generated.;Logging and Monitoring;Controls that collect, alert, and retain logging-related events. ;CCC.Logging.CN07 Detect and Alert on Log Service Tampering;;Alert when any component of the critical logging infrastructure is disabled, modified, or deleted, indicating a defense evasion attempt.;['tlp-clear', 'tlp-green', 'tlp-amber', 'tlp-red'];;[{'ReferenceId': 'CCC', 'Identifiers': ['CCC.TH16']}];[{'ReferenceId': 'NIST-CSF', 'Identifiers': ['DE.CM-03', 'DE.CM-09']}, {'ReferenceId': 'NIST_800_53', 'Identifiers': ['SI-4', 'CA-7', 'AU-6']}];FAIL;No CloudWatch log groups found with metric filters or alarms associated.;arn:aws:logs:us-east-1:085350497370:log-group;085350497370;cloudwatch_changes_to_vpcs_alarm_configured;False
aws;Common Cloud Controls Catalog (CCC) for AWS;085350497370;us-east-1;2026-03-13 21:06:02.726161;CCC.Monitor.CN02.AR01;When an Custom or User-Defined Metric starts to flood a collector, then a rate limit MUST be applied to reduce the network impact of traffic and an alert must triggered.;Logging & Monitoring;Controls that collect, alert, and retain events from other monitoring services.;CCC.Monitor.CN02 Rate Limiting on Metric Generation;;Prevent Malicious Actor or misconfiguration from flooding services with metric data.;['tlp-clear', 'tlp-green', 'tlp-amber', 'tlp-red'];;[{'ReferenceId': 'CCC', 'Identifiers': ['CCC.Monitor.TH06']}];[{'ReferenceId': 'NIST-CSF', 'Identifiers': ['DE.CM-01']}, {'ReferenceId': 'NIST_800_53', 'Identifiers': ['SC-5(2)', 'CA-7', 'SI-4']}];FAIL;No CloudWatch log groups found with metric filters or alarms associated.;arn:aws:logs:us-east-1:085350497370:log-group;085350497370;cloudwatch_changes_to_vpcs_alarm_configured;False
aws;Common Cloud Controls Catalog (CCC) for AWS;085350497370;us-east-1;2026-03-13 21:06:02.726161;CCC.Core.CN09.AR03;When the service is operational, any attempt to redirect logs for the service or its child resources MUST NOT be possible without halting operation of the corresponding resource and publishing corresponding events to monitored channels.;Data;The Data control family ensures the confidentiality, integrity, availability, and sovereignty of data across its lifecycle. These controls govern how data is transmitted, stored, replicated, and protected from unauthorized access, tampering, or exposure beyond defined trust perimeters. ;CCC.Core.CN09 Ensure Integrity of Access Logs;;Ensure that access logs are always recorded to an external location that cannot be manipulated from the context of the service(s) it contains logs for.;['tlp-amber', 'tlp-red'];No normal business operations should result in the redirection of logs, as this could indicate an attempt to cover up unauthorized access. Ensure that logging configurations are immutable during service operation so that any changes require stopping the service and publishing corresponding events to monitored channels. ;[{'ReferenceId': 'CCC', 'Identifiers': ['CCC.TH07', 'CCC.TH09', 'CCC.TH04']}];[{'ReferenceId': 'NIST-CSF', 'Identifiers': ['PR.DS-6']}, {'ReferenceId': 'NIST_800_53', 'Identifiers': ['AU-9']}, {'ReferenceId': 'CCM', 'Identifiers': ['LOG-02', 'LOG-04', 'LOG-09']}];FAIL;No CloudWatch log groups found with metric filters or alarms associated.;arn:aws:logs:us-east-1:085350497370:log-group;085350497370;cloudwatch_changes_to_vpcs_alarm_configured;False
aws;Common Cloud Controls Catalog (CCC) for AWS;085350497370;us-east-1;2026-03-13 21:06:02.726161;CCC.Core.CN04.AR01;When administrative access or configuration change is attempted on the service or a child resource, the service MUST log the client identity, time, and result of the attempt.;Logging & Monitoring;The Logging & Monitoring control family ensures that access, changes, and security-relevant events are captured, monitored, and alerted on in order to provide visibility, support incident response, and meet compliance requirements. ;CCC.Core.CN04 Log All Access and Changes;;Ensure that all access attempts are logged to maintain a detailed audit trail for security and compliance purposes.;['tlp-clear', 'tlp-green', 'tlp-amber', 'tlp-red'];;[{'ReferenceId': 'CCC', 'Identifiers': ['CCC.TH01']}];[{'ReferenceId': 'NIST-CSF', 'Identifiers': ['DE.AE-3']}, {'ReferenceId': 'CCM', 'Identifiers': ['LOG-08']}, {'ReferenceId': 'NIST_800_53', 'Identifiers': ['AU-2', 'AU-3', 'AU-12']}];FAIL;No CloudWatch log groups found with metric filters or alarms associated.;arn:aws:logs:us-east-1:085350497370:log-group;085350497370;cloudwatch_changes_to_vpcs_alarm_configured;False
aws;Common Cloud Controls Catalog (CCC) for AWS;085350497370;us-east-1;2026-03-13 21:06:02.726161;CCC.Logging.CN01.AR02;When a new cloud compute resource is deployed, it MUST be configured to forward all relevant logs (e.g., OS, application, service logs) to the central log sink.;Data;Controls related to the confidentiality, integrity and availability of log data. ;CCC.Logging.CN01 Centralized and Comprehensive Log Aggregation;;Ensure all operational and security logs from across the cloud environment, including applications, operating systems, network traffic, and cloud service activity, are captured automatically and streamed to a central, secure log management service.;['tlp-clear', 'tlp-green', 'tlp-amber', 'tlp-red'];;[{'ReferenceId': 'CCC', 'Identifiers': ['CCC.Logging.TH07']}];[{'ReferenceId': 'NIST-CSF', 'Identifiers': ['PR.PS-04']}, {'ReferenceId': 'NIST_800_53', 'Identifiers': ['AU-2', 'AU-3']}];FAIL;No CloudWatch log groups found with metric filters or alarms associated.;arn:aws:logs:us-east-1:085350497370:log-group;085350497370;cloudwatch_log_metric_filter_and_alarm_for_aws_config_configuration_changes_enabled;False
aws;Common Cloud Controls Catalog (CCC) for AWS;085350497370;us-east-1;2026-03-13 21:06:02.726161;CCC.Monitor.CN02.AR01;When an Custom or User-Defined Metric starts to flood a collector, then a rate limit MUST be applied to reduce the network impact of traffic and an alert must triggered.;Logging & Monitoring;Controls that collect, alert, and retain events from other monitoring services.;CCC.Monitor.CN02 Rate Limiting on Metric Generation;;Prevent Malicious Actor or misconfiguration from flooding services with metric data.;['tlp-clear', 'tlp-green', 'tlp-amber', 'tlp-red'];;[{'ReferenceId': 'CCC', 'Identifiers': ['CCC.Monitor.TH06']}];[{'ReferenceId': 'NIST-CSF', 'Identifiers': ['DE.CM-01']}, {'ReferenceId': 'NIST_800_53', 'Identifiers': ['SC-5(2)', 'CA-7', 'SI-4']}];FAIL;No CloudWatch log groups found with metric filters or alarms associated.;arn:aws:logs:us-east-1:085350497370:log-group;085350497370;cloudwatch_log_metric_filter_and_alarm_for_aws_config_configuration_changes_enabled;False
aws;Common Cloud Controls Catalog (CCC) for AWS;085350497370;us-east-1;2026-03-13 21:06:02.726161;CCC.Core.CN04.AR01;When administrative access or configuration change is attempted on the service or a child resource, the service MUST log the client identity, time, and result of the attempt.;Logging & Monitoring;The Logging & Monitoring control family ensures that access, changes, and security-relevant events are captured, monitored, and alerted on in order to provide visibility, support incident response, and meet compliance requirements. ;CCC.Core.CN04 Log All Access and Changes;;Ensure that all access attempts are logged to maintain a detailed audit trail for security and compliance purposes.;['tlp-clear', 'tlp-green', 'tlp-amber', 'tlp-red'];;[{'ReferenceId': 'CCC', 'Identifiers': ['CCC.TH01']}];[{'ReferenceId': 'NIST-CSF', 'Identifiers': ['DE.AE-3']}, {'ReferenceId': 'CCM', 'Identifiers': ['LOG-08']}, {'ReferenceId': 'NIST_800_53', 'Identifiers': ['AU-2', 'AU-3', 'AU-12']}];FAIL;No CloudWatch log groups found with metric filters or alarms associated.;arn:aws:logs:us-east-1:085350497370:log-group;085350497370;cloudwatch_log_metric_filter_and_alarm_for_aws_config_configuration_changes_enabled;False
aws;Common Cloud Controls Catalog (CCC) for AWS;085350497370;us-east-1;2026-03-13 21:06:02.726161;CCC.AuditLog.CN03.AR01;When an attempt is made to disable a log source, then an alert MUST be generated.;Integrity;Controls designed to protected the integrity of Audit Log data.;CCC.AuditLog.CN03 Alert On Audit Log Changes And Access;;Ensure that specific alerts have been configured to detect changes in audit log configuration such as disabling exporting of logs. Alerts MUST also be created to detect changes in retention/object lock policies for exported data log sources/buckets.;['tlp-red', 'tlp-amber'];Ensure alerting is correctly configured ;[{'ReferenceId': 'CCC', 'Identifiers': ['CCC.TH07']}];[{'ReferenceId': 'NIST-CSF', 'Identifiers': ['DE.CM-1']}, {'ReferenceId': 'NIST_800_53', 'Identifiers': ['AU-5', 'AU-6']}];FAIL;No CloudWatch log groups found with metric filters or alarms associated.;arn:aws:logs:us-east-1:085350497370:log-group;085350497370;cloudwatch_log_metric_filter_and_alarm_for_cloudtrail_configuration_changes_enabled;False
aws;Common Cloud Controls Catalog (CCC) for AWS;085350497370;us-east-1;2026-03-13 21:06:02.726161;CCC.AuditLog.CN03.AR02;When an attempt is made to alter the retention or object lock status of an external data log source or bucket, then an alert MUST be generated.;Integrity;Controls designed to protected the integrity of Audit Log data.;CCC.AuditLog.CN03 Alert On Audit Log Changes And Access;;Ensure that specific alerts have been configured to detect changes in audit log configuration such as disabling exporting of logs. Alerts MUST also be created to detect changes in retention/object lock policies for exported data log sources/buckets.;['tlp-red', 'tlp-amber'];Ensure alerting is correctly configured ;[{'ReferenceId': 'CCC', 'Identifiers': ['CCC.TH07']}];[{'ReferenceId': 'NIST-CSF', 'Identifiers': ['DE.CM-1']}, {'ReferenceId': 'NIST_800_53', 'Identifiers': ['AU-5', 'AU-6']}];FAIL;No CloudWatch log groups found with metric filters or alarms associated.;arn:aws:logs:us-east-1:085350497370:log-group;085350497370;cloudwatch_log_metric_filter_and_alarm_for_cloudtrail_configuration_changes_enabled;False
aws;Common Cloud Controls Catalog (CCC) for AWS;085350497370;us-east-1;2026-03-13 21:06:02.726161;CCC.LB.CN04.AR01;When routing weights change, the request MUST originate from an explicitly defined and trusted identity and MUST be logged.;Identity and Access Management;Controls that restrict who can change or query load-balancer resources. ;CCC.LB.CN04 Enforce Distribution Policies;;Ensure traffic-splitting weights and algorithms are modified only by trusted identities.;['tlp-green', 'tlp-amber', 'tlp-red'];Define a list of trusted principals allowed to modify routing configurations. Enforce via conditional access policies, and log changes using audit logging. ;[{'ReferenceId': 'LB', 'Identifiers': ['CCC.LB.TH03']}];[{'ReferenceId': 'NIST-CSF', 'Identifiers': ['PR.AC-1']}, {'ReferenceId': 'NIST_800_53', 'Identifiers': ['AC-3']}];FAIL;No CloudWatch log groups found with metric filters or alarms associated.;arn:aws:logs:us-east-1:085350497370:log-group;085350497370;cloudwatch_log_metric_filter_and_alarm_for_cloudtrail_configuration_changes_enabled;False
aws;Common Cloud Controls Catalog (CCC) for AWS;085350497370;us-east-1;2026-03-13 21:06:02.726161;CCC.Logging.CN01.AR02;When a new cloud compute resource is deployed, it MUST be configured to forward all relevant logs (e.g., OS, application, service logs) to the central log sink.;Data;Controls related to the confidentiality, integrity and availability of log data. ;CCC.Logging.CN01 Centralized and Comprehensive Log Aggregation;;Ensure all operational and security logs from across the cloud environment, including applications, operating systems, network traffic, and cloud service activity, are captured automatically and streamed to a central, secure log management service.;['tlp-clear', 'tlp-green', 'tlp-amber', 'tlp-red'];;[{'ReferenceId': 'CCC', 'Identifiers': ['CCC.Logging.TH07']}];[{'ReferenceId': 'NIST-CSF', 'Identifiers': ['PR.PS-04']}, {'ReferenceId': 'NIST_800_53', 'Identifiers': ['AU-2', 'AU-3']}];FAIL;No CloudWatch log groups found with metric filters or alarms associated.;arn:aws:logs:us-east-1:085350497370:log-group;085350497370;cloudwatch_log_metric_filter_and_alarm_for_cloudtrail_configuration_changes_enabled;False
aws;Common Cloud Controls Catalog (CCC) for AWS;085350497370;us-east-1;2026-03-13 21:06:02.726161;CCC.Logging.CN07.AR01;When an audit log event is recorded that corresponds to a modification of the logging service configuration such as disabling a log trail, deleting a log sink, or altering a log forwarding rule, an alert MUST be generated.;Logging and Monitoring;Controls that collect, alert, and retain logging-related events. ;CCC.Logging.CN07 Detect and Alert on Log Service Tampering;;Alert when any component of the critical logging infrastructure is disabled, modified, or deleted, indicating a defense evasion attempt.;['tlp-clear', 'tlp-green', 'tlp-amber', 'tlp-red'];;[{'ReferenceId': 'CCC', 'Identifiers': ['CCC.TH16']}];[{'ReferenceId': 'NIST-CSF', 'Identifiers': ['DE.CM-03', 'DE.CM-09']}, {'ReferenceId': 'NIST_800_53', 'Identifiers': ['SI-4', 'CA-7', 'AU-6']}];FAIL;No CloudWatch log groups found with metric filters or alarms associated.;arn:aws:logs:us-east-1:085350497370:log-group;085350497370;cloudwatch_log_metric_filter_and_alarm_for_cloudtrail_configuration_changes_enabled;False
aws;Common Cloud Controls Catalog (CCC) for AWS;085350497370;us-east-1;2026-03-13 21:06:02.726161;CCC.Monitor.CN01.AR01;When an External Monitoring system exceeds the anticipated rate of monitoring checks then Rate Limiting MUST be applied and an Audit Alert MUST be generated.;Logging & Monitoring;Controls that collect, alert, and retain events from other monitoring services.;CCC.Monitor.CN01 Rate Limiting on External Monitoring;;Prevent DoS attacks using External Monitoring tools.;['tlp-clear', 'tlp-green', 'tlp-amber', 'tlp-red'];;[{'ReferenceId': 'CCC', 'Identifiers': ['CCC.Monitor.TH03']}];[{'ReferenceId': 'NIST-CSF', 'Identifiers': ['PR.IR-01', 'DE.CM-01']}, {'ReferenceId': 'NIST_800_53', 'Identifiers': ['SC-5', 'SC-7']}];FAIL;No CloudWatch log groups found with metric filters or alarms associated.;arn:aws:logs:us-east-1:085350497370:log-group;085350497370;cloudwatch_log_metric_filter_and_alarm_for_cloudtrail_configuration_changes_enabled;False
aws;Common Cloud Controls Catalog (CCC) for AWS;085350497370;us-east-1;2026-03-13 21:06:02.726161;CCC.Monitor.CN02.AR01;When an Custom or User-Defined Metric starts to flood a collector, then a rate limit MUST be applied to reduce the network impact of traffic and an alert must triggered.;Logging & Monitoring;Controls that collect, alert, and retain events from other monitoring services.;CCC.Monitor.CN02 Rate Limiting on Metric Generation;;Prevent Malicious Actor or misconfiguration from flooding services with metric data.;['tlp-clear', 'tlp-green', 'tlp-amber', 'tlp-red'];;[{'ReferenceId': 'CCC', 'Identifiers': ['CCC.Monitor.TH06']}];[{'ReferenceId': 'NIST-CSF', 'Identifiers': ['DE.CM-01']}, {'ReferenceId': 'NIST_800_53', 'Identifiers': ['SC-5(2)', 'CA-7', 'SI-4']}];FAIL;No CloudWatch log groups found with metric filters or alarms associated.;arn:aws:logs:us-east-1:085350497370:log-group;085350497370;cloudwatch_log_metric_filter_and_alarm_for_cloudtrail_configuration_changes_enabled;False
aws;Common Cloud Controls Catalog (CCC) for AWS;085350497370;us-east-1;2026-03-13 21:06:02.726161;CCC.Core.CN09.AR02;When the service is operational, disabling the logs for the service or its child resources MUST NOT be possible without also disabling the corresponding resource.;Data;The Data control family ensures the confidentiality, integrity, availability, and sovereignty of data across its lifecycle. These controls govern how data is transmitted, stored, replicated, and protected from unauthorized access, tampering, or exposure beyond defined trust perimeters. ;CCC.Core.CN09 Ensure Integrity of Access Logs;;Ensure that access logs are always recorded to an external location that cannot be manipulated from the context of the service(s) it contains logs for.;['tlp-clear', 'tlp-green', 'tlp-amber', 'tlp-red'];No normal business operations should disable logs, as this could indicate an attempt to cover up unauthorized access. Ensure that logging mechanisms are tightly integrated with service operations, so that logging cannot be disabled without stopping the service itself. ;[{'ReferenceId': 'CCC', 'Identifiers': ['CCC.TH07', 'CCC.TH09', 'CCC.TH04']}];[{'ReferenceId': 'NIST-CSF', 'Identifiers': ['PR.DS-6']}, {'ReferenceId': 'NIST_800_53', 'Identifiers': ['AU-9']}, {'ReferenceId': 'CCM', 'Identifiers': ['LOG-02', 'LOG-04', 'LOG-09']}];FAIL;No CloudWatch log groups found with metric filters or alarms associated.;arn:aws:logs:us-east-1:085350497370:log-group;085350497370;cloudwatch_log_metric_filter_and_alarm_for_cloudtrail_configuration_changes_enabled;False
aws;Common Cloud Controls Catalog (CCC) for AWS;085350497370;us-east-1;2026-03-13 21:06:02.726161;CCC.Core.CN09.AR03;When the service is operational, any attempt to redirect logs for the service or its child resources MUST NOT be possible without halting operation of the corresponding resource and publishing corresponding events to monitored channels.;Data;The Data control family ensures the confidentiality, integrity, availability, and sovereignty of data across its lifecycle. These controls govern how data is transmitted, stored, replicated, and protected from unauthorized access, tampering, or exposure beyond defined trust perimeters. ;CCC.Core.CN09 Ensure Integrity of Access Logs;;Ensure that access logs are always recorded to an external location that cannot be manipulated from the context of the service(s) it contains logs for.;['tlp-amber', 'tlp-red'];No normal business operations should result in the redirection of logs, as this could indicate an attempt to cover up unauthorized access. Ensure that logging configurations are immutable during service operation so that any changes require stopping the service and publishing corresponding events to monitored channels. ;[{'ReferenceId': 'CCC', 'Identifiers': ['CCC.TH07', 'CCC.TH09', 'CCC.TH04']}];[{'ReferenceId': 'NIST-CSF', 'Identifiers': ['PR.DS-6']}, {'ReferenceId': 'NIST_800_53', 'Identifiers': ['AU-9']}, {'ReferenceId': 'CCM', 'Identifiers': ['LOG-02', 'LOG-04', 'LOG-09']}];FAIL;No CloudWatch log groups found with metric filters or alarms associated.;arn:aws:logs:us-east-1:085350497370:log-group;085350497370;cloudwatch_log_metric_filter_and_alarm_for_cloudtrail_configuration_changes_enabled;False
aws;Common Cloud Controls Catalog (CCC) for AWS;085350497370;us-east-1;2026-03-13 21:06:02.726161;CCC.Core.CN04.AR01;When administrative access or configuration change is attempted on the service or a child resource, the service MUST log the client identity, time, and result of the attempt.;Logging & Monitoring;The Logging & Monitoring control family ensures that access, changes, and security-relevant events are captured, monitored, and alerted on in order to provide visibility, support incident response, and meet compliance requirements. ;CCC.Core.CN04 Log All Access and Changes;;Ensure that all access attempts are logged to maintain a detailed audit trail for security and compliance purposes.;['tlp-clear', 'tlp-green', 'tlp-amber', 'tlp-red'];;[{'ReferenceId': 'CCC', 'Identifiers': ['CCC.TH01']}];[{'ReferenceId': 'NIST-CSF', 'Identifiers': ['DE.AE-3']}, {'ReferenceId': 'CCM', 'Identifiers': ['LOG-08']}, {'ReferenceId': 'NIST_800_53', 'Identifiers': ['AU-2', 'AU-3', 'AU-12']}];FAIL;No CloudWatch log groups found with metric filters or alarms associated.;arn:aws:logs:us-east-1:085350497370:log-group;085350497370;cloudwatch_log_metric_filter_and_alarm_for_cloudtrail_configuration_changes_enabled;False
aws;Common Cloud Controls Catalog (CCC) for AWS;085350497370;us-east-1;2026-03-13 21:06:02.726161;CCC.Core.CN04.AR03;When any attempt is made to read data on the service or a child resource, the service MUST log the client identity, time, and result of the attempt.;Logging & Monitoring;The Logging & Monitoring control family ensures that access, changes, and security-relevant events are captured, monitored, and alerted on in order to provide visibility, support incident response, and meet compliance requirements. ;CCC.Core.CN04 Log All Access and Changes;;Ensure that all access attempts are logged to maintain a detailed audit trail for security and compliance purposes.;['tlp-red'];;[{'ReferenceId': 'CCC', 'Identifiers': ['CCC.TH01']}];[{'ReferenceId': 'NIST-CSF', 'Identifiers': ['DE.AE-3']}, {'ReferenceId': 'CCM', 'Identifiers': ['LOG-08']}, {'ReferenceId': 'NIST_800_53', 'Identifiers': ['AU-2', 'AU-3', 'AU-12']}];FAIL;No CloudWatch log groups found with metric filters or alarms associated.;arn:aws:logs:us-east-1:085350497370:log-group;085350497370;cloudwatch_log_metric_filter_and_alarm_for_cloudtrail_configuration_changes_enabled;False
aws;Common Cloud Controls Catalog (CCC) for AWS;085350497370;us-east-1;2026-03-13 21:06:02.726161;CCC.Monitor.CN02.AR01;When an Custom or User-Defined Metric starts to flood a collector, then a rate limit MUST be applied to reduce the network impact of traffic and an alert must triggered.;Logging & Monitoring;Controls that collect, alert, and retain events from other monitoring services.;CCC.Monitor.CN02 Rate Limiting on Metric Generation;;Prevent Malicious Actor or misconfiguration from flooding services with metric data.;['tlp-clear', 'tlp-green', 'tlp-amber', 'tlp-red'];;[{'ReferenceId': 'CCC', 'Identifiers': ['CCC.Monitor.TH06']}];[{'ReferenceId': 'NIST-CSF', 'Identifiers': ['DE.CM-01']}, {'ReferenceId': 'NIST_800_53', 'Identifiers': ['SC-5(2)', 'CA-7', 'SI-4']}];FAIL;No CloudWatch log groups found with metric filters or alarms associated.;arn:aws:logs:us-east-1:085350497370:log-group;085350497370;cloudwatch_log_metric_filter_authentication_failures;False
aws;Common Cloud Controls Catalog (CCC) for AWS;085350497370;us-east-1;2026-03-13 21:06:02.726161;CCC.Core.CN04.AR01;When administrative access or configuration change is attempted on the service or a child resource, the service MUST log the client identity, time, and result of the attempt.;Logging & Monitoring;The Logging & Monitoring control family ensures that access, changes, and security-relevant events are captured, monitored, and alerted on in order to provide visibility, support incident response, and meet compliance requirements. ;CCC.Core.CN04 Log All Access and Changes;;Ensure that all access attempts are logged to maintain a detailed audit trail for security and compliance purposes.;['tlp-clear', 'tlp-green', 'tlp-amber', 'tlp-red'];;[{'ReferenceId': 'CCC', 'Identifiers': ['CCC.TH01']}];[{'ReferenceId': 'NIST-CSF', 'Identifiers': ['DE.AE-3']}, {'ReferenceId': 'CCM', 'Identifiers': ['LOG-08']}, {'ReferenceId': 'NIST_800_53', 'Identifiers': ['AU-2', 'AU-3', 'AU-12']}];FAIL;No CloudWatch log groups found with metric filters or alarms associated.;arn:aws:logs:us-east-1:085350497370:log-group;085350497370;cloudwatch_log_metric_filter_authentication_failures;False
aws;Common Cloud Controls Catalog (CCC) for AWS;085350497370;us-east-1;2026-03-13 21:06:02.726161;CCC.Core.CN04.AR03;When any attempt is made to read data on the service or a child resource, the service MUST log the client identity, time, and result of the attempt.;Logging & Monitoring;The Logging & Monitoring control family ensures that access, changes, and security-relevant events are captured, monitored, and alerted on in order to provide visibility, support incident response, and meet compliance requirements. ;CCC.Core.CN04 Log All Access and Changes;;Ensure that all access attempts are logged to maintain a detailed audit trail for security and compliance purposes.;['tlp-red'];;[{'ReferenceId': 'CCC', 'Identifiers': ['CCC.TH01']}];[{'ReferenceId': 'NIST-CSF', 'Identifiers': ['DE.AE-3']}, {'ReferenceId': 'CCM', 'Identifiers': ['LOG-08']}, {'ReferenceId': 'NIST_800_53', 'Identifiers': ['AU-2', 'AU-3', 'AU-12']}];FAIL;No CloudWatch log groups found with metric filters or alarms associated.;arn:aws:logs:us-east-1:085350497370:log-group;085350497370;cloudwatch_log_metric_filter_authentication_failures;False
aws;Common Cloud Controls Catalog (CCC) for AWS;085350497370;us-east-1;2026-03-13 21:06:02.726161;CCC.AuditLog.CN03.AR02;When an attempt is made to alter the retention or object lock status of an external data log source or bucket, then an alert MUST be generated.;Integrity;Controls designed to protected the integrity of Audit Log data.;CCC.AuditLog.CN03 Alert On Audit Log Changes And Access;;Ensure that specific alerts have been configured to detect changes in audit log configuration such as disabling exporting of logs. Alerts MUST also be created to detect changes in retention/object lock policies for exported data log sources/buckets.;['tlp-red', 'tlp-amber'];Ensure alerting is correctly configured ;[{'ReferenceId': 'CCC', 'Identifiers': ['CCC.TH07']}];[{'ReferenceId': 'NIST-CSF', 'Identifiers': ['DE.CM-1']}, {'ReferenceId': 'NIST_800_53', 'Identifiers': ['AU-5', 'AU-6']}];FAIL;No CloudWatch log groups found with metric filters or alarms associated.;arn:aws:logs:us-east-1:085350497370:log-group;085350497370;cloudwatch_log_metric_filter_aws_organizations_changes;False
aws;Common Cloud Controls Catalog (CCC) for AWS;085350497370;us-east-1;2026-03-13 21:06:02.726161;CCC.AuditLog.CN03.AR02;When an attempt is made to alter the retention or object lock status of an external data log source or bucket, then an alert MUST be generated.;Integrity;Controls designed to protected the integrity of Audit Log data.;CCC.AuditLog.CN03 Alert On Audit Log Changes And Access;;Ensure that specific alerts have been configured to detect changes in audit log configuration such as disabling exporting of logs. Alerts MUST also be created to detect changes in retention/object lock policies for exported data log sources/buckets.;['tlp-red', 'tlp-amber'];Ensure alerting is correctly configured ;[{'ReferenceId': 'CCC', 'Identifiers': ['CCC.TH07']}];[{'ReferenceId': 'NIST-CSF', 'Identifiers': ['DE.CM-1']}, {'ReferenceId': 'NIST_800_53', 'Identifiers': ['AU-5', 'AU-6']}];FAIL;No CloudWatch log groups found with metric filters or alarms associated.;arn:aws:logs:us-east-1:085350497370:log-group;085350497370;cloudwatch_log_metric_filter_disable_or_scheduled_deletion_of_kms_cmk;False
aws;Common Cloud Controls Catalog (CCC) for AWS;085350497370;us-east-1;2026-03-13 21:06:02.726161;CCC.Core.CN04.AR01;When administrative access or configuration change is attempted on the service or a child resource, the service MUST log the client identity, time, and result of the attempt.;Logging & Monitoring;The Logging & Monitoring control family ensures that access, changes, and security-relevant events are captured, monitored, and alerted on in order to provide visibility, support incident response, and meet compliance requirements. ;CCC.Core.CN04 Log All Access and Changes;;Ensure that all access attempts are logged to maintain a detailed audit trail for security and compliance purposes.;['tlp-clear', 'tlp-green', 'tlp-amber', 'tlp-red'];;[{'ReferenceId': 'CCC', 'Identifiers': ['CCC.TH01']}];[{'ReferenceId': 'NIST-CSF', 'Identifiers': ['DE.AE-3']}, {'ReferenceId': 'CCM', 'Identifiers': ['LOG-08']}, {'ReferenceId': 'NIST_800_53', 'Identifiers': ['AU-2', 'AU-3', 'AU-12']}];FAIL;No CloudWatch log groups found with metric filters or alarms associated.;arn:aws:logs:us-east-1:085350497370:log-group;085350497370;cloudwatch_log_metric_filter_disable_or_scheduled_deletion_of_kms_cmk;False
aws;Common Cloud Controls Catalog (CCC) for AWS;085350497370;us-east-1;2026-03-13 21:06:02.726161;CCC.AuditLog.CN03.AR02;When an attempt is made to alter the retention or object lock status of an external data log source or bucket, then an alert MUST be generated.;Integrity;Controls designed to protected the integrity of Audit Log data.;CCC.AuditLog.CN03 Alert On Audit Log Changes And Access;;Ensure that specific alerts have been configured to detect changes in audit log configuration such as disabling exporting of logs. Alerts MUST also be created to detect changes in retention/object lock policies for exported data log sources/buckets.;['tlp-red', 'tlp-amber'];Ensure alerting is correctly configured ;[{'ReferenceId': 'CCC', 'Identifiers': ['CCC.TH07']}];[{'ReferenceId': 'NIST-CSF', 'Identifiers': ['DE.CM-1']}, {'ReferenceId': 'NIST_800_53', 'Identifiers': ['AU-5', 'AU-6']}];FAIL;No CloudWatch log groups found with metric filters or alarms associated.;arn:aws:logs:us-east-1:085350497370:log-group;085350497370;cloudwatch_log_metric_filter_for_s3_bucket_policy_changes;False
aws;Common Cloud Controls Catalog (CCC) for AWS;085350497370;us-east-1;2026-03-13 21:06:02.726161;CCC.Logging.CN01.AR02;When a new cloud compute resource is deployed, it MUST be configured to forward all relevant logs (e.g., OS, application, service logs) to the central log sink.;Data;Controls related to the confidentiality, integrity and availability of log data. ;CCC.Logging.CN01 Centralized and Comprehensive Log Aggregation;;Ensure all operational and security logs from across the cloud environment, including applications, operating systems, network traffic, and cloud service activity, are captured automatically and streamed to a central, secure log management service.;['tlp-clear', 'tlp-green', 'tlp-amber', 'tlp-red'];;[{'ReferenceId': 'CCC', 'Identifiers': ['CCC.Logging.TH07']}];[{'ReferenceId': 'NIST-CSF', 'Identifiers': ['PR.PS-04']}, {'ReferenceId': 'NIST_800_53', 'Identifiers': ['AU-2', 'AU-3']}];FAIL;No CloudWatch log groups found with metric filters or alarms associated.;arn:aws:logs:us-east-1:085350497370:log-group;085350497370;cloudwatch_log_metric_filter_for_s3_bucket_policy_changes;False
aws;Common Cloud Controls Catalog (CCC) for AWS;085350497370;us-east-1;2026-03-13 21:06:02.726161;CCC.Monitor.CN02.AR01;When an Custom or User-Defined Metric starts to flood a collector, then a rate limit MUST be applied to reduce the network impact of traffic and an alert must triggered.;Logging & Monitoring;Controls that collect, alert, and retain events from other monitoring services.;CCC.Monitor.CN02 Rate Limiting on Metric Generation;;Prevent Malicious Actor or misconfiguration from flooding services with metric data.;['tlp-clear', 'tlp-green', 'tlp-amber', 'tlp-red'];;[{'ReferenceId': 'CCC', 'Identifiers': ['CCC.Monitor.TH06']}];[{'ReferenceId': 'NIST-CSF', 'Identifiers': ['DE.CM-01']}, {'ReferenceId': 'NIST_800_53', 'Identifiers': ['SC-5(2)', 'CA-7', 'SI-4']}];FAIL;No CloudWatch log groups found with metric filters or alarms associated.;arn:aws:logs:us-east-1:085350497370:log-group;085350497370;cloudwatch_log_metric_filter_for_s3_bucket_policy_changes;False
aws;Common Cloud Controls Catalog (CCC) for AWS;085350497370;us-east-1;2026-03-13 21:06:02.726161;CCC.Core.CN04.AR01;When administrative access or configuration change is attempted on the service or a child resource, the service MUST log the client identity, time, and result of the attempt.;Logging & Monitoring;The Logging & Monitoring control family ensures that access, changes, and security-relevant events are captured, monitored, and alerted on in order to provide visibility, support incident response, and meet compliance requirements. ;CCC.Core.CN04 Log All Access and Changes;;Ensure that all access attempts are logged to maintain a detailed audit trail for security and compliance purposes.;['tlp-clear', 'tlp-green', 'tlp-amber', 'tlp-red'];;[{'ReferenceId': 'CCC', 'Identifiers': ['CCC.TH01']}];[{'ReferenceId': 'NIST-CSF', 'Identifiers': ['DE.AE-3']}, {'ReferenceId': 'CCM', 'Identifiers': ['LOG-08']}, {'ReferenceId': 'NIST_800_53', 'Identifiers': ['AU-2', 'AU-3', 'AU-12']}];FAIL;No CloudWatch log groups found with metric filters or alarms associated.;arn:aws:logs:us-east-1:085350497370:log-group;085350497370;cloudwatch_log_metric_filter_for_s3_bucket_policy_changes;False
aws;Common Cloud Controls Catalog (CCC) for AWS;085350497370;us-east-1;2026-03-13 21:06:02.726161;CCC.AuditLog.CN03.AR02;When an attempt is made to alter the retention or object lock status of an external data log source or bucket, then an alert MUST be generated.;Integrity;Controls designed to protected the integrity of Audit Log data.;CCC.AuditLog.CN03 Alert On Audit Log Changes And Access;;Ensure that specific alerts have been configured to detect changes in audit log configuration such as disabling exporting of logs. Alerts MUST also be created to detect changes in retention/object lock policies for exported data log sources/buckets.;['tlp-red', 'tlp-amber'];Ensure alerting is correctly configured ;[{'ReferenceId': 'CCC', 'Identifiers': ['CCC.TH07']}];[{'ReferenceId': 'NIST-CSF', 'Identifiers': ['DE.CM-1']}, {'ReferenceId': 'NIST_800_53', 'Identifiers': ['AU-5', 'AU-6']}];FAIL;No CloudWatch log groups found with metric filters or alarms associated.;arn:aws:logs:us-east-1:085350497370:log-group;085350497370;cloudwatch_log_metric_filter_policy_changes;False
aws;Common Cloud Controls Catalog (CCC) for AWS;085350497370;us-east-1;2026-03-13 21:06:02.726161;CCC.Monitor.CN02.AR01;When an Custom or User-Defined Metric starts to flood a collector, then a rate limit MUST be applied to reduce the network impact of traffic and an alert must triggered.;Logging & Monitoring;Controls that collect, alert, and retain events from other monitoring services.;CCC.Monitor.CN02 Rate Limiting on Metric Generation;;Prevent Malicious Actor or misconfiguration from flooding services with metric data.;['tlp-clear', 'tlp-green', 'tlp-amber', 'tlp-red'];;[{'ReferenceId': 'CCC', 'Identifiers': ['CCC.Monitor.TH06']}];[{'ReferenceId': 'NIST-CSF', 'Identifiers': ['DE.CM-01']}, {'ReferenceId': 'NIST_800_53', 'Identifiers': ['SC-5(2)', 'CA-7', 'SI-4']}];FAIL;No CloudWatch log groups found with metric filters or alarms associated.;arn:aws:logs:us-east-1:085350497370:log-group;085350497370;cloudwatch_log_metric_filter_policy_changes;False
aws;Common Cloud Controls Catalog (CCC) for AWS;085350497370;us-east-1;2026-03-13 21:06:02.726161;CCC.Core.CN04.AR01;When administrative access or configuration change is attempted on the service or a child resource, the service MUST log the client identity, time, and result of the attempt.;Logging & Monitoring;The Logging & Monitoring control family ensures that access, changes, and security-relevant events are captured, monitored, and alerted on in order to provide visibility, support incident response, and meet compliance requirements. ;CCC.Core.CN04 Log All Access and Changes;;Ensure that all access attempts are logged to maintain a detailed audit trail for security and compliance purposes.;['tlp-clear', 'tlp-green', 'tlp-amber', 'tlp-red'];;[{'ReferenceId': 'CCC', 'Identifiers': ['CCC.TH01']}];[{'ReferenceId': 'NIST-CSF', 'Identifiers': ['DE.AE-3']}, {'ReferenceId': 'CCM', 'Identifiers': ['LOG-08']}, {'ReferenceId': 'NIST_800_53', 'Identifiers': ['AU-2', 'AU-3', 'AU-12']}];FAIL;No CloudWatch log groups found with metric filters or alarms associated.;arn:aws:logs:us-east-1:085350497370:log-group;085350497370;cloudwatch_log_metric_filter_policy_changes;False
aws;Common Cloud Controls Catalog (CCC) for AWS;085350497370;us-east-1;2026-03-13 21:06:02.726161;CCC.Core.CN04.AR01;When administrative access or configuration change is attempted on the service or a child resource, the service MUST log the client identity, time, and result of the attempt.;Logging & Monitoring;The Logging & Monitoring control family ensures that access, changes, and security-relevant events are captured, monitored, and alerted on in order to provide visibility, support incident response, and meet compliance requirements. ;CCC.Core.CN04 Log All Access and Changes;;Ensure that all access attempts are logged to maintain a detailed audit trail for security and compliance purposes.;['tlp-clear', 'tlp-green', 'tlp-amber', 'tlp-red'];;[{'ReferenceId': 'CCC', 'Identifiers': ['CCC.TH01']}];[{'ReferenceId': 'NIST-CSF', 'Identifiers': ['DE.AE-3']}, {'ReferenceId': 'CCM', 'Identifiers': ['LOG-08']}, {'ReferenceId': 'NIST_800_53', 'Identifiers': ['AU-2', 'AU-3', 'AU-12']}];FAIL;No CloudWatch log groups found with metric filters or alarms associated.;arn:aws:logs:us-east-1:085350497370:log-group;085350497370;cloudwatch_log_metric_filter_root_usage;False
aws;Common Cloud Controls Catalog (CCC) for AWS;085350497370;us-east-1;2026-03-13 21:06:02.726161;CCC.AuditLog.CN03.AR02;When an attempt is made to alter the retention or object lock status of an external data log source or bucket, then an alert MUST be generated.;Integrity;Controls designed to protected the integrity of Audit Log data.;CCC.AuditLog.CN03 Alert On Audit Log Changes And Access;;Ensure that specific alerts have been configured to detect changes in audit log configuration such as disabling exporting of logs. Alerts MUST also be created to detect changes in retention/object lock policies for exported data log sources/buckets.;['tlp-red', 'tlp-amber'];Ensure alerting is correctly configured ;[{'ReferenceId': 'CCC', 'Identifiers': ['CCC.TH07']}];[{'ReferenceId': 'NIST-CSF', 'Identifiers': ['DE.CM-1']}, {'ReferenceId': 'NIST_800_53', 'Identifiers': ['AU-5', 'AU-6']}];FAIL;No CloudWatch log groups found with metric filters or alarms associated.;arn:aws:logs:us-east-1:085350497370:log-group;085350497370;cloudwatch_log_metric_filter_security_group_changes;False
aws;Common Cloud Controls Catalog (CCC) for AWS;085350497370;us-east-1;2026-03-13 21:06:02.726161;CCC.Monitor.CN02.AR01;When an Custom or User-Defined Metric starts to flood a collector, then a rate limit MUST be applied to reduce the network impact of traffic and an alert must triggered.;Logging & Monitoring;Controls that collect, alert, and retain events from other monitoring services.;CCC.Monitor.CN02 Rate Limiting on Metric Generation;;Prevent Malicious Actor or misconfiguration from flooding services with metric data.;['tlp-clear', 'tlp-green', 'tlp-amber', 'tlp-red'];;[{'ReferenceId': 'CCC', 'Identifiers': ['CCC.Monitor.TH06']}];[{'ReferenceId': 'NIST-CSF', 'Identifiers': ['DE.CM-01']}, {'ReferenceId': 'NIST_800_53', 'Identifiers': ['SC-5(2)', 'CA-7', 'SI-4']}];FAIL;No CloudWatch log groups found with metric filters or alarms associated.;arn:aws:logs:us-east-1:085350497370:log-group;085350497370;cloudwatch_log_metric_filter_security_group_changes;False
aws;Common Cloud Controls Catalog (CCC) for AWS;085350497370;us-east-1;2026-03-13 21:06:02.726161;CCC.Core.CN04.AR01;When administrative access or configuration change is attempted on the service or a child resource, the service MUST log the client identity, time, and result of the attempt.;Logging & Monitoring;The Logging & Monitoring control family ensures that access, changes, and security-relevant events are captured, monitored, and alerted on in order to provide visibility, support incident response, and meet compliance requirements. ;CCC.Core.CN04 Log All Access and Changes;;Ensure that all access attempts are logged to maintain a detailed audit trail for security and compliance purposes.;['tlp-clear', 'tlp-green', 'tlp-amber', 'tlp-red'];;[{'ReferenceId': 'CCC', 'Identifiers': ['CCC.TH01']}];[{'ReferenceId': 'NIST-CSF', 'Identifiers': ['DE.AE-3']}, {'ReferenceId': 'CCM', 'Identifiers': ['LOG-08']}, {'ReferenceId': 'NIST_800_53', 'Identifiers': ['AU-2', 'AU-3', 'AU-12']}];FAIL;No CloudWatch log groups found with metric filters or alarms associated.;arn:aws:logs:us-east-1:085350497370:log-group;085350497370;cloudwatch_log_metric_filter_security_group_changes;False
aws;Common Cloud Controls Catalog (CCC) for AWS;085350497370;us-east-1;2026-03-13 21:06:02.726161;CCC.Core.CN04.AR01;When administrative access or configuration change is attempted on the service or a child resource, the service MUST log the client identity, time, and result of the attempt.;Logging & Monitoring;The Logging & Monitoring control family ensures that access, changes, and security-relevant events are captured, monitored, and alerted on in order to provide visibility, support incident response, and meet compliance requirements. ;CCC.Core.CN04 Log All Access and Changes;;Ensure that all access attempts are logged to maintain a detailed audit trail for security and compliance purposes.;['tlp-clear', 'tlp-green', 'tlp-amber', 'tlp-red'];;[{'ReferenceId': 'CCC', 'Identifiers': ['CCC.TH01']}];[{'ReferenceId': 'NIST-CSF', 'Identifiers': ['DE.AE-3']}, {'ReferenceId': 'CCM', 'Identifiers': ['LOG-08']}, {'ReferenceId': 'NIST_800_53', 'Identifiers': ['AU-2', 'AU-3', 'AU-12']}];FAIL;No CloudWatch log groups found with metric filters or alarms associated.;arn:aws:logs:us-east-1:085350497370:log-group;085350497370;cloudwatch_log_metric_filter_sign_in_without_mfa;False
aws;Common Cloud Controls Catalog (CCC) for AWS;085350497370;us-east-1;2026-03-13 21:06:02.726161;CCC.AuditLog.CN03.AR02;When an attempt is made to alter the retention or object lock status of an external data log source or bucket, then an alert MUST be generated.;Integrity;Controls designed to protected the integrity of Audit Log data.;CCC.AuditLog.CN03 Alert On Audit Log Changes And Access;;Ensure that specific alerts have been configured to detect changes in audit log configuration such as disabling exporting of logs. Alerts MUST also be created to detect changes in retention/object lock policies for exported data log sources/buckets.;['tlp-red', 'tlp-amber'];Ensure alerting is correctly configured ;[{'ReferenceId': 'CCC', 'Identifiers': ['CCC.TH07']}];[{'ReferenceId': 'NIST-CSF', 'Identifiers': ['DE.CM-1']}, {'ReferenceId': 'NIST_800_53', 'Identifiers': ['AU-5', 'AU-6']}];FAIL;No CloudWatch log groups found with metric filters or alarms associated.;arn:aws:logs:us-east-1:085350497370:log-group;085350497370;cloudwatch_log_metric_filter_unauthorized_api_calls;False
aws;Common Cloud Controls Catalog (CCC) for AWS;085350497370;us-east-1;2026-03-13 21:06:02.726161;CCC.Monitor.CN02.AR01;When an Custom or User-Defined Metric starts to flood a collector, then a rate limit MUST be applied to reduce the network impact of traffic and an alert must triggered.;Logging & Monitoring;Controls that collect, alert, and retain events from other monitoring services.;CCC.Monitor.CN02 Rate Limiting on Metric Generation;;Prevent Malicious Actor or misconfiguration from flooding services with metric data.;['tlp-clear', 'tlp-green', 'tlp-amber', 'tlp-red'];;[{'ReferenceId': 'CCC', 'Identifiers': ['CCC.Monitor.TH06']}];[{'ReferenceId': 'NIST-CSF', 'Identifiers': ['DE.CM-01']}, {'ReferenceId': 'NIST_800_53', 'Identifiers': ['SC-5(2)', 'CA-7', 'SI-4']}];FAIL;No CloudWatch log groups found with metric filters or alarms associated.;arn:aws:logs:us-east-1:085350497370:log-group;085350497370;cloudwatch_log_metric_filter_unauthorized_api_calls;False
aws;Common Cloud Controls Catalog (CCC) for AWS;085350497370;us-east-1;2026-03-13 21:06:02.726161;CCC.Core.CN04.AR01;When administrative access or configuration change is attempted on the service or a child resource, the service MUST log the client identity, time, and result of the attempt.;Logging & Monitoring;The Logging & Monitoring control family ensures that access, changes, and security-relevant events are captured, monitored, and alerted on in order to provide visibility, support incident response, and meet compliance requirements. ;CCC.Core.CN04 Log All Access and Changes;;Ensure that all access attempts are logged to maintain a detailed audit trail for security and compliance purposes.;['tlp-clear', 'tlp-green', 'tlp-amber', 'tlp-red'];;[{'ReferenceId': 'CCC', 'Identifiers': ['CCC.TH01']}];[{'ReferenceId': 'NIST-CSF', 'Identifiers': ['DE.AE-3']}, {'ReferenceId': 'CCM', 'Identifiers': ['LOG-08']}, {'ReferenceId': 'NIST_800_53', 'Identifiers': ['AU-2', 'AU-3', 'AU-12']}];FAIL;No CloudWatch log groups found with metric filters or alarms associated.;arn:aws:logs:us-east-1:085350497370:log-group;085350497370;cloudwatch_log_metric_filter_unauthorized_api_calls;False
aws;Common Cloud Controls Catalog (CCC) for AWS;;;2026-03-13 21:06:02.726161;CCC.DataWar.CN01.AR01;Attempt to access underlying database tables directly without using managed views and verify that access is denied.;Data;TODO: Describe this control family;CCC.DataWar.CN01 Enforce Use of Managed Views for Data Access;;Ensure that data access is provided through managed views, restricting users from accessing underlying tables directly and enforcing consistent security policies.;['tlp-red', 'tlp-amber'];;[{'ReferenceId': 'CCC', 'Identifiers': ['CCC.TH01']}];[{'ReferenceId': 'NIST-CSF', 'Identifiers': ['PR.AC-4']}, {'ReferenceId': 'NIST_800_53', 'Identifiers': ['AC-3', 'AC-6']}];MANUAL;Manual check;manual_check;Manual check;manual;False
aws;Common Cloud Controls Catalog (CCC) for AWS;;;2026-03-13 21:06:02.726161;CCC.DataWar.CN02.AR01;Attempt to query sensitive columns without the necessary permissions and verify that access is denied or data is masked.;Data;TODO: Describe this control family;CCC.DataWar.CN02 Enforce Column-Level Security Policies;;Ensure that access to sensitive data columns is restricted based on user roles, preventing unauthorized access to sensitive information.;['tlp-red', 'tlp-amber'];;[{'ReferenceId': 'CCC', 'Identifiers': ['CCC.TH01']}];[{'ReferenceId': 'NIST-CSF', 'Identifiers': ['PR.AC-4']}, {'ReferenceId': 'NIST_800_53', 'Identifiers': ['AC-3', 'AC-6']}];MANUAL;Manual check;manual_check;Manual check;manual;False
aws;Common Cloud Controls Catalog (CCC) for AWS;;;2026-03-13 21:06:02.726161;CCC.DataWar.CN03.AR01;Attempt to query data rows that the user should not have access to and verify that access is denied or data is not returned.;Data;TODO: Describe this control family;CCC.DataWar.CN03 Enforce Row-Level Security Policies;;Ensure that access to data rows is restricted based on user roles or attributes, preventing unauthorized access to specific subsets of data.;['tlp-red', 'tlp-amber'];;[{'ReferenceId': 'CCC', 'Identifiers': ['CCC.TH01']}];[{'ReferenceId': 'NIST-CSF', 'Identifiers': ['PR.AC-4']}, {'ReferenceId': 'NIST_800_53', 'Identifiers': ['AC-3', 'AC-6']}];MANUAL;Manual check;manual_check;Manual check;manual;False
aws;Common Cloud Controls Catalog (CCC) for AWS;;;2026-03-13 21:06:02.726161;CCC.LB.CN07.AR01;"When responses pass through the load balancer, the ""Server"" header MUST be replaced with ""lb"".";Data;Controls that preserve availability and confidentiality of traffic processed by the load balancer. ;CCC.LB.CN07 Scrub Sensitive Headers;;Remove headers that disclose internal details or software versions from HTTP responses.;['tlp-green', 'tlp-amber', 'tlp-red'];Configure header-transformation rules.;[{'ReferenceId': 'LB', 'Identifiers': ['CCC.TH15']}];[{'ReferenceId': 'NIST-CSF', 'Identifiers': ['PR.DS-2']}, {'ReferenceId': 'NIST_800_53', 'Identifiers': ['SC-13']}];MANUAL;Manual check;manual_check;Manual check;manual;False
aws;Common Cloud Controls Catalog (CCC) for AWS;;;2026-03-13 21:06:02.726161;CCC.Vector.CN01.AR01;When a vector embedding is submitted for indexing, the system MUST validate that it matches expected schema, dimension, and format profiles.;Vector Indexing;Controls specific to the management and protection of vector embedding and index operations.;CCC.Vector.CN01 Validate Embeddings Before Indexing;;Ensure all incoming embeddings are structurally and statistically validated before indexing to prevent poisoning or corruption.;['tlp-clear', 'tlp-green', 'tlp-amber', 'tlp-red'];;[{'ReferenceId': 'CCC', 'Identifiers': ['CCC.Vector.TH02', 'CCC.Vector.TH05', 'CCC.TH12']}];[{'ReferenceId': 'FINOS-AIGF', 'Identifiers': ['AIR-PREV-002']}];MANUAL;Manual check;manual_check;Manual check;manual;False
aws;Common Cloud Controls Catalog (CCC) for AWS;;;2026-03-13 21:06:02.726161;CCC.Vector.CN03.AR01;When a metadata filter is applied to a query, the service MUST verify the requester is authorized to access that field.;Vector Indexing;Controls specific to the management and protection of vector embedding and index operations.;CCC.Vector.CN03 Enforce Metadata-Level Access Controls;;Apply access control policies to metadata fields used in filtering to prevent unauthorized exposure or inference.;['tlp-amber', 'tlp-red'];;[{'ReferenceId': 'CCC', 'Identifiers': ['CCC.Vector.TH03', 'CCC.TH01']}];[{'ReferenceId': 'FINOS-AIGF', 'Identifiers': ['AIR-DET-001', 'AIR-PREV-012', 'AIR-DET-016']}];MANUAL;Manual check;manual_check;Manual check;manual;False
aws;Common Cloud Controls Catalog (CCC) for AWS;;;2026-03-13 21:06:02.726161;CCC.Vector.CN04.AR01;When ingestion exceeds pre-defined thresholds, the service MUST throttle or reject excess vector write operations.;Vector Indexing;Controls specific to the management and protection of vector embedding and index operations.;CCC.Vector.CN04 Enforce Ingestion Quotas and Throttling;;Prevent ingestion-based DoS or index pollution by rate-limiting vector submissions and enforcing quotas.;['tlp-green', 'tlp-amber', 'tlp-red'];;[{'ReferenceId': 'CCC', 'Identifiers': ['CCC.Vector.TH02', 'CCC.TH12']}];[{'ReferenceId': 'FINOS-AIGF', 'Identifiers': ['AIR-PREV-008']}];MANUAL;Manual check;manual_check;Manual check;manual;False
aws;Common Cloud Controls Catalog (CCC) for AWS;;;2026-03-13 21:06:02.726161;CCC.Vector.CN05.AR01;When a rollback is attempted, the system MUST log the action and verify rollback authorization.;Vector Indexing;Controls specific to the management and protection of vector embedding and index operations.;CCC.Vector.CN05 Enforce Index Versioning with Rollback Protection;;Ensure vector indexes are versioned and that rollback operations are authorized and auditable.;['tlp-amber', 'tlp-red'];;[{'ReferenceId': 'CCC', 'Identifiers': ['CCC.Vector.TH04', 'CCC.TH09', 'CCC.TH04']}];[{'ReferenceId': 'AIR-DET-004', 'Identifiers': ['AIR-PREV-008']}];MANUAL;Manual check;manual_check;Manual check;manual;False
aws;Common Cloud Controls Catalog (CCC) for AWS;;;2026-03-13 21:06:02.726161;CCC.Vector.CN06.AR01;When an embedding is submitted, the service MUST validate that its format and dimensionality match allowed profiles.;Vector Indexing;Controls specific to the management and protection of vector embedding and index operations.;CCC.Vector.CN06 Enforce Dimensional and Format Constraints;;Reject embeddings that do not conform to expected model specifications (dimensions, format, etc).;['tlp-clear', 'tlp-green', 'tlp-amber', 'tlp-red'];;[{'ReferenceId': 'CCC', 'Identifiers': ['CCC.Vector.TH05', 'CCC.TH06']}];[{'ReferenceId': 'FINOS-AIGF', 'Identifiers': ['AIR-PREV-002']}];MANUAL;Manual check;manual_check;Manual check;manual;False
aws;Common Cloud Controls Catalog (CCC) for AWS;;;2026-03-13 21:06:02.726161;CCC.Vector.CN07.AR01;When a search request is issued, clients MUST be allowed to declare their requirement for exact vs approximate results.;Vector Indexing;Controls specific to the management and protection of vector embedding and index operations.;CCC.Vector.CN07 Support Explicit ANN vs. Exact Search Configuration;;Provide clients with the option to enforce exact-match (non-ANN) search where search fidelity is critical.;['tlp-amber', 'tlp-red'];;[{'ReferenceId': 'CCC', 'Identifiers': ['CCC.Vector.TH06']}];[];MANUAL;Manual check;manual_check;Manual check;manual;False
